timeSpent,correctLast3,avgTime,confidence,quizScore,sessions,readinessScore,numberQuestionsAnswered
243.49,2,71.91,0.83,0.29,17,0.5563,6
571.91,3,67.92,0.76,0.8,28,0.792,12
447.24,1,22.56,0.57,1,9,0.6331,10
371.24,3,54.12,0.96,0.03,2,0.4308,8
118.93,3,58.02,0.2,0.9,25,0.7133,3
118.92,2,59.88,0.11,0.62,26,0.5415,3
63.11,3,78.02,0.85,0.97,18,0.841,1
523.72,2,73.36,0.44,0.47,9,0.4523,9
372.64,0,80.79,0.85,0.85,6,0.485,7
433.6,0,96.49,0.89,0.06,11,0.306,8
41.73,2,101.3,0.06,0.34,25,0.4473,1
582.85,0,91.81,0.88,0.07,29,0.397,12
504.49,1,115.55,0.45,0.98,6,0.5107,14
151.03,3,21.82,0.51,0.82,6,0.6716,3
133.64,1,39.58,0.63,0.85,13,0.6117,3
134.54,3,20.76,0.93,0.94,11,0.8434,3
203.42,0,84.75,0.02,0.09,14,0.171,5
329.11,1,109.8,0.48,0.39,2,0.2997,7
276.21,0,44.35,0.69,0.07,8,0.2651,7
196,3,112.7,0.72,0.21,3,0.437,4
378.76,2,26.03,0.69,0.23,23,0.597,11
109.51,2,113.44,0.13,0.47,21,0.5003,2
196.52,1,55.16,0.3,0.27,3,0.2457,6
238.83,0,30.14,0.36,0.1,1,0.1618,7
289.96,0,68.59,0.8,0.17,24,0.411,7
477.55,1,45.68,0.28,0.15,19,0.3815,10
143.81,2,48.49,0.21,0.97,18,0.6655,3
323.11,3,50.73,0.96,0.76,17,0.8055,8
367.68,1,100.3,0.01,0.97,20,0.5597,8
56.48,3,73.92,1,0.44,29,0.732,1
376.3,2,51.13,0.68,0.28,24,0.5681,6
127.2,0,81.03,0.83,0.8,13,0.536,2
67.08,2,91.62,0.29,0.33,3,0.3203,1
570.86,1,47.26,0.01,0.3,30,0.3799,14
580.41,0,61.35,0.74,0.23,1,0.227,11
490.79,1,32.19,0.83,0.13,4,0.358,16
203.63,1,38.11,0.74,0.26,25,0.5292,5
85.67,2,88.11,0.14,0.36,13,0.3993,2
420.01,1,38.14,0.75,0.67,17,0.6241,7
280.89,2,72.52,0.77,0.06,28,0.5053,9
99.56,0,90.9,0.66,0.21,30,0.395,2
312.25,2,30.69,0.77,0.81,11,0.6892,6
49.6,0,76.73,0.85,0.15,2,0.235,1
548.31,2,45.66,0.61,0.34,25,0.5812,17
177.5,3,116.29,0.09,0.86,16,0.636,3
407.64,3,68.35,0.49,0.15,2,0.363,9
207.68,1,100.6,0.08,0.08,29,0.3067,4
326.44,2,75.02,0.41,0.48,19,0.5493,9
341.62,2,24.34,0.41,0.3,23,0.5648,8
135.37,0,83.32,0.07,0.56,19,0.372,3
582.66,1,115.14,0.35,0.8,25,0.5767,18
471.83,2,80.16,0.11,0.14,16,0.3573,14
565.51,1,101.92,0.81,0.58,22,0.6027,10
540.05,3,108.42,0.95,0.51,19,0.733,15
370.8,2,42.81,0.07,0.14,9,0.308,10
555.47,2,41.2,0.96,0.62,1,0.5527,12
80.44,1,81.1,0.52,0.27,10,0.3517,2
141.71,2,61.1,0.3,0.49,19,0.5303,4
55.78,1,103.99,0.08,0.08,1,0.1167,1
215.44,2,110,0.5,0.46,2,0.3913,6
251.55,0,55.34,0.79,0.31,16,0.4188,8
184.67,1,43.69,0.71,0.82,12,0.6018,6
502.38,2,98.05,0.05,0.06,8,0.2413,9
233.35,3,47.48,0.07,0.42,23,0.5609,7
190.13,2,102.26,0.4,0.46,18,0.5313,6
339.34,3,62.37,0.3,0.73,2,0.499,8
110.33,3,86.75,0.23,0.57,25,0.617,2
487.25,0,29.55,0.28,0.67,29,0.5078,13
72.49,1,82.39,0.8,0.78,13,0.5907,2
592.53,2,65.18,0.93,0.86,6,0.6373,19
470.18,0,78.66,0.41,0.31,21,0.375,11
143.27,2,36.8,0.91,0.54,26,0.716,3
33.15,3,93.69,0.32,0.84,6,0.576,1
494.81,1,106.28,0.48,0.99,9,0.5497,12
432.91,2,41.67,0.23,0.89,16,0.6369,11
445.53,2,29.57,0.64,0.37,11,0.533,13
469.62,3,22.36,0.98,0.2,7,0.5887,11
72.21,2,84.2,0.6,0.49,10,0.5003,2
234.33,2,80.71,0.36,0.74,10,0.5273,4
96.05,3,74.67,0.65,0.49,30,0.677,2
521.97,0,43.19,0.12,0.48,25,0.396,9
385.28,3,59.09,0.89,0.84,20,0.8315,7
218.61,0,79.45,0.5,0.36,18,0.388,5
66.23,1,69.68,0.45,0.86,28,0.6147,1
207.26,0,118.78,0.59,0.41,24,0.441,5
215.35,0,33.64,0.62,0.33,20,0.4669,4
445.88,1,89.51,0.07,0.45,29,0.4157,10
393.41,0,60.43,0.68,0.76,9,0.454,9
535.71,3,62.82,0.24,0.13,15,0.437,10
299.16,0,91.76,0.71,0.2,4,0.242,8
98.17,1,89.24,0.82,0.95,8,0.5957,2
436.55,3,119.13,0.8,0.18,9,0.504,8
463.65,1,32.84,0.55,0.57,13,0.5229,15
349.93,1,30.41,0.52,0.58,9,0.484,8
469.45,2,92.43,0.14,0.49,26,0.5083,8
311.46,2,77.84,0.78,0.64,4,0.5213,6
327.96,1,47.42,0.27,0.23,17,0.3806,7
273.7,1,27.94,0.5,0.55,16,0.5451,7
44.49,1,28.57,0.28,0.37,15,0.4361,1
91.5,2,109.42,0.13,0.66,3,0.3873,2
47.91,2,39.19,0.63,0.14,25,0.536,1
392.75,0,52.34,0.05,0.57,20,0.3938,9
209.18,0,42.67,0.75,0.19,5,0.2859,6
319.89,1,55.5,0.32,0.28,23,0.4222,10
547.31,3,26.94,0,0.22,5,0.3711,9
172.1,3,71.91,0.51,0.18,20,0.556,4
263.92,2,26.76,0.05,0.83,15,0.5977,5
460.66,2,100.04,0.28,0.29,18,0.4563,14
160.41,2,43.37,0.71,0.93,15,0.732,3
73.88,1,74,0.06,0.97,2,0.3897,1
195.16,3,108.01,0.84,0.57,29,0.739,4
121.9,0,85.09,0,0.14,13,0.172,4
559.93,1,73.3,0.25,0.37,4,0.2677,12
490.63,0,52.43,0.74,0.8,10,0.5006,9
391.04,0,53.3,0.32,0.37,13,0.3162,9
526.73,1,86.95,0.1,0.09,10,0.2137,9
488.09,0,119.41,0.36,0.56,29,0.44,10
136.34,3,86.18,0.27,0.85,9,0.599,2
538.76,0,75.78,0.84,0.8,8,0.488,11
337.43,3,93.07,0.31,0.18,3,0.346,10
490.24,3,66.52,0.79,0.67,16,0.719,12
540.77,3,26.01,0.89,0.22,14,0.6407,15
211.26,2,76.23,0.43,0.22,9,0.3753,4
92.73,0,115.76,0.91,0.87,30,0.643,2
159.92,1,37.53,0.38,0.25,21,0.4551,3
273.45,1,89,0.96,0.26,11,0.4467,7
496.27,0,40.09,0.09,0,3,0.0812,14
520.62,2,73.58,0.69,0.87,5,0.5823,10
33.96,2,29.67,0.49,0.79,29,0.7189,1
321.13,3,65.04,0.39,0.63,10,0.567,9
267.92,0,95.62,0.63,0.75,13,0.481,6
156.6,0,54.76,0.7,0.15,4,0.2337,5
98.32,1,86.49,0,0.46,24,0.4047,2
222.44,0,99.54,0.17,0.35,13,0.269,5
567.46,2,112.72,0.71,0.09,12,0.4223,16
214.23,0,43.46,0.67,0.49,5,0.3586,4
325.71,1,59.93,0.97,0.92,10,0.6368,9
430.72,3,35.24,0.76,0.04,28,0.6053,13
237.27,1,119.25,0.95,0.29,24,0.5437,7
583.92,1,112.7,0.7,0.21,9,0.3597,11
578.59,3,74,0.3,0.24,20,0.532,14
173.52,1,104.2,0.11,0.91,7,0.4317,4
313.43,1,72.1,0.78,0.47,2,0.3837,10
201.5,0,82.36,0.64,0.47,22,0.469,6
192.36,0,28.91,0.05,0.76,24,0.4898,4
51.03,3,95.53,0.36,0.15,28,0.517,1
377.45,0,32.77,0.96,0.49,23,0.5844,7
316.53,0,102.61,0.5,0.43,7,0.299,10
59.34,1,98.2,0.43,0.6,8,0.4127,1
188.83,2,90.87,0.46,1,7,0.5953,3
547.71,0,23.62,0.21,0.77,21,0.5336,13
166.55,2,50.31,0.37,0.4,23,0.5435,3
112.59,0,46.31,0.37,0.83,29,0.5458,3
308.99,0,56.01,0.05,0.17,14,0.2076,5
591.82,3,28.76,0.77,0.03,26,0.6151,11
167.97,3,113.7,0.42,0.2,19,0.534,3
413.12,3,75.38,0.82,0.34,5,0.516,8
464.12,2,50.55,0.85,0.51,23,0.6721,11
165.45,1,59.7,0.21,0.62,25,0.4952,3
445.08,0,64.72,0.66,0.91,18,0.585,12
239.64,0,80.06,0.47,0.51,20,0.447,6
390.41,0,71.57,0.88,0.5,12,0.446,8
391.11,2,111.94,0.22,0.05,23,0.3923,7
335.39,3,69.7,0.68,0.03,17,0.515,6
81.47,1,119.22,0.61,0.55,13,0.4837,2
506.12,2,105.14,0.3,0.44,2,0.3453,9
212.84,3,40.85,0.14,0.84,25,0.7119,4
136.32,2,113.06,0.65,0.16,13,0.4413,4
53.24,1,31.64,0.74,0.02,26,0.4679,1
366.81,3,101.74,0.32,0.45,7,0.469,10
416.21,2,58.06,0.64,0.24,28,0.5366,11
39.46,1,107.8,0.4,0.05,10,0.2617,1
321.89,0,106.81,0.71,0.72,23,0.558,7
159.1,1,100.59,0.2,0.11,6,0.1997,3
397.75,0,99,0.89,0.61,3,0.391,7
129.39,2,50.47,0.29,0.28,26,0.4912,3
423.83,3,28.09,0.37,0.17,3,0.4082,8
250.44,3,60.3,0.06,0.38,18,0.506,6
563.94,2,37.35,0.11,0.8,11,0.5431,10
108.39,3,89.5,0.52,0.39,22,0.621,3
224.41,3,54.61,0.27,0.75,20,0.688,4
94.68,0,117.56,0.84,0.13,5,0.257,3
557.08,2,84.1,0.01,0.77,19,0.5563,14
530.08,1,102.25,0.38,0.24,22,0.4147,10
177.03,0,33.25,0.34,0.68,27,0.5166,4
406.19,2,106.2,0.02,0.57,28,0.5083,8
495.82,0,112.28,0.12,0.93,19,0.493,11
346.46,1,68.71,0.41,0.39,30,0.4657,7
331.9,1,80.63,0.49,0.07,15,0.3357,9
167.86,2,96.48,0.4,0.02,30,0.4193,5
83.07,1,37.48,0.53,0.83,16,0.6192,2
541.41,0,70.26,0.6,0.52,24,0.476,12
543.24,1,59.87,0.01,0.78,9,0.3929,16
390.87,0,34.64,0.46,0.23,4,0.2433,10
223.25,0,56.75,0.96,0.35,15,0.4524,5
229.05,1,26.82,0.52,0.03,25,0.435,7
443.79,2,22.58,0.68,0.96,12,0.7397,9
541.35,3,33.52,0.31,0.67,23,0.7071,10
535.64,1,116.31,0.77,0.93,3,0.5297,16
474.53,0,74.95,0.77,0.27,23,0.435,10
395.96,0,116.58,0.52,0.61,14,0.427,8
77.96,1,63.25,0.98,0.68,17,0.6367,2
122.13,2,51.18,0.13,0.32,19,0.46,2
542.18,2,70.61,0.02,0.85,6,0.4523,13
375.66,0,63.95,0.77,0.95,4,0.479,8
35.24,0,30.57,0.81,0.88,7,0.545,1
87.84,2,84.08,0.12,0.74,30,0.5793,2
408.2,3,41.6,0.27,0.28,19,0.5587,8
32.89,1,81.96,0.02,0.28,17,0.3247,1
121.66,0,85.02,0.29,0.96,25,0.546,3
342.78,0,35.2,0.77,0.01,16,0.3583,6
424.38,2,26.13,0.52,0.72,15,0.6598,10
401.62,1,98.08,0.35,0.71,22,0.5497,9
157.83,2,65.98,0.37,0.62,8,0.4733,3
435.94,1,25.82,0,0.99,19,0.6106,8
165.23,1,119.49,0.3,0.31,8,0.2997,3
215.48,1,25.78,0.65,0.34,18,0.5357,4
455.5,0,89.5,0.97,0.08,28,0.418,8
400.29,3,118.37,0.85,0.44,16,0.662,9
514.06,2,43.92,0.02,0.26,20,0.4421,12
404.84,3,34.22,0.9,0.34,19,0.715,10
353.94,2,32.14,0.78,0.83,10,0.6848,6
83.39,1,50.33,0.78,0.94,17,0.6908,2
239.6,0,30.1,0.46,0.19,13,0.3288,7
181.17,3,89.22,0.4,0.37,13,0.521,3
169.07,0,26.23,0.3,0.93,7,0.4653,4
584.62,2,70.94,0.07,0.06,27,0.3653,18
254.07,0,119.67,0.23,0.09,10,0.173,5
538.47,0,101.4,0.25,0.16,2,0.118,13
389.75,3,81.52,0.48,0.6,4,0.516,7
483.04,1,50.63,0.75,0.15,25,0.4773,13
316.5,0,82.39,0.47,0.97,6,0.445,6
358.84,1,72.7,0.06,0.45,24,0.4137,8
310.74,2,62.61,0.96,0.5,18,0.6553,10
141.29,0,33.07,0.94,0.25,23,0.5079,2
441.8,3,108.66,0.79,0.47,6,0.559,10
190.04,2,64.98,0.99,0.66,29,0.7293,5
43.86,2,39.46,0.54,0.75,30,0.7006,1
397.92,3,56.78,0.96,0.75,25,0.8224,7
130.95,0,61.41,0.08,0.58,23,0.39,3
566.06,0,102.75,0.37,0.9,17,0.514,16
573.74,2,93.36,0.23,0.82,14,0.5653,17
551.47,0,96.93,0.2,0.76,24,0.468,14
240.99,1,21.1,0.14,0.06,11,0.2875,5
38.81,3,61.62,0.62,0.01,26,0.527,1
559.14,1,68.13,0.78,0.21,19,0.4757,15
274.06,0,21.92,0.58,0.66,30,0.5775,8
580.99,2,45.98,0.15,0.41,2,0.3297,15
579.26,3,96.03,0.81,0.4,28,0.682,10
516.22,0,33.71,0.64,0.88,3,0.4658,13
197.84,0,73.53,0.39,0.9,11,0.458,3
249.51,2,41.52,0.67,0.91,6,0.6311,6
515.15,2,21.21,0.26,0.31,29,0.543,15
210.65,1,44.12,0.35,0.69,14,0.5101,4
126.61,3,117.59,0.92,0.27,19,0.655,3
347.38,3,100.15,0.29,0.19,26,0.515,7
563.61,2,115.96,0.47,0.18,16,0.4413,9
426.74,1,68.79,0.89,0.34,21,0.5467,14
354.93,3,30.97,0.71,0.43,22,0.7194,11
85.39,2,74.8,0.06,0.83,24,0.5943,2
380.55,0,65.44,0.15,0.12,7,0.136,10
594.33,3,104.44,0.01,0.73,30,0.621,17
109.85,1,29.81,0.63,0.53,27,0.602,4
325.45,1,68.82,0.45,0.29,8,0.3237,11
530.1,1,35,0.13,0.49,19,0.4713,10
452.24,0,52.47,0.96,0.3,20,0.4946,13
427.3,3,93.74,0.53,0.6,16,0.646,10
430.42,3,67.6,0.24,0.43,22,0.577,9
234.91,0,57.59,0.5,0.16,27,0.352,5
197.35,3,59.45,0.68,0.12,7,0.4429,6
491.34,0,65.94,0.08,0.55,9,0.271,9
491.76,0,98.5,0.27,0.9,13,0.454,16
524.23,0,109.21,0.81,0.34,1,0.274,10
550.55,1,115.53,0.46,0.73,29,0.5777,10
321.47,3,98.69,0.55,0.66,8,0.588,7
315.86,0,51.54,0.43,0.93,24,0.5791,7
485.03,3,88.81,0.04,0.82,22,0.654,11
400.48,1,63.76,0.17,0.57,4,0.3117,10
430.12,0,45.47,0.45,0.66,3,0.3422,8
483.6,2,104.09,0.21,0.9,27,0.6453,9
537.3,1,23.84,0.05,0.4,3,0.2869,13
222.66,2,110.18,0.84,0.33,22,0.6003,5
244.08,3,66.15,0.98,0.01,13,0.529,4
83.57,3,83.72,0.79,0.83,8,0.687,1
359.62,1,85.94,0.85,0.8,7,0.5467,8
50.49,3,109.51,0.24,0.1,27,0.478,1
295.39,2,83.67,0.96,0.58,1,0.5093,8
339.31,0,81.39,0.2,0.46,27,0.378,6
193.33,0,26.67,0.95,0.12,16,0.4416,6
366.77,0,71.84,0.99,0.98,6,0.552,8
47.39,1,35.02,0.71,0.21,7,0.3833,1
51.29,3,93.74,0.98,0.07,12,0.537,1
498.88,2,71.22,0.57,0.59,23,0.6243,12
235.31,3,88.02,0.26,0.74,9,0.564,4
102.42,3,24.17,0.44,0.03,27,0.5567,3
327.68,3,28.48,0.59,0.66,11,0.6785,7
468.9,0,91.63,0.07,0.53,10,0.273,14
153.02,2,27.21,0.62,0.1,21,0.542,4
385.05,2,27.13,0.98,0.17,1,0.4451,9
78.65,3,21.21,0.19,0.57,18,0.6537,2
59.46,0,115.65,0.79,0.3,4,0.288,2
332.87,0,93.75,0.91,0.94,5,0.514,8
338.16,2,55.33,0.94,0.82,9,0.6651,10
393.34,0,49.65,0.96,0.98,27,0.7032,10
443.87,0,54.97,0.52,0.26,17,0.3604,8
586.24,0,97.47,0.98,0.97,3,0.517,10
324.29,1,86.14,0.76,0.43,16,0.5077,8
214.09,3,38.52,0.16,0.35,5,0.4228,5
483.26,2,37.41,0.48,0.05,16,0.442,8
184.37,2,29.84,0.72,0.05,3,0.3726,6
280.21,1,86.03,0.25,0.69,20,0.5237,5
74.72,3,96.44,0.64,0.46,15,0.616,1
44.45,2,46.5,0.67,0.23,30,0.5588,1
578.71,0,22.09,0.16,0.61,3,0.3082,17
506.51,2,28.22,0.57,0.25,20,0.5753,9
426.71,0,116.79,0.77,0.58,14,0.468,9
263.1,1,49.54,0.5,0.36,16,0.4521,9
128.78,0,96.92,0.01,0.82,29,0.448,3
119.17,2,82.47,0.01,0.82,29,0.5813,3
172.64,2,58.19,0.36,0.48,17,0.5224,3
343.06,2,40.57,0.93,0.35,28,0.6567,7
437.32,1,32.14,0.23,0.36,24,0.4671,7
406.31,1,81.5,0.63,0.81,20,0.6357,11
189.56,3,97.46,0.22,0.33,23,0.543,4
574.27,2,84.39,0.32,0.21,18,0.4403,12
450.6,0,73.03,0.85,0.08,18,0.374,11
345.98,1,24.2,0.73,0.47,22,0.6133,10
378.68,2,116.85,0.1,0.48,14,0.4373,6
269.17,2,99.87,0.43,0.84,18,0.6513,5
171.21,1,49.28,0.03,0.22,15,0.3065,4
232.9,3,118,0.48,0.38,15,0.56,5
461.97,1,80.19,0.66,0.81,6,0.5017,13
38.2,1,78.24,0.12,0.82,27,0.5367,1
96.16,0,94.81,0.29,0.38,15,0.322,2
56.22,0,101.18,0.4,0.46,18,0.398,1
53.22,3,85.65,0.92,0.3,4,0.514,1
517.61,2,32.81,0.99,0.93,23,0.8556,11
431.08,1,53.83,0.04,0.12,8,0.201,10
300.28,3,112.81,0.76,0.93,15,0.781,6
85.77,0,42.46,0.37,0.68,3,0.3372,2
310.22,1,57.22,0.39,0.53,30,0.5083,7
299.88,2,63.21,0.75,0.03,15,0.4423,7
128.73,0,63.94,0.92,0.48,13,0.458,3
277.3,0,81.29,0.95,0.41,9,0.403,5
257.15,0,114.31,0.58,0.16,2,0.184,6
381.03,3,44.07,0.36,0.66,24,0.6966,7
392,2,32.15,0.79,0.97,8,0.7088,8
55.82,1,39.75,0.25,0.56,29,0.5184,1
243.53,3,108.69,0.56,0.71,30,0.725,4
386.74,3,84.58,0.36,0.07,20,0.493,10
316.79,3,48.59,0.66,0.42,17,0.647,9
518.2,0,101.59,0.24,0.12,13,0.214,11
405.46,2,106.14,0.19,0.61,1,0.3643,11
122.87,3,104.65,0.92,0.94,2,0.686,4
70.22,1,111.89,0.1,0.66,30,0.4847,1
396.18,2,45.22,0.51,0.08,15,0.434,9
45.11,1,95.5,0.22,0.35,12,0.3357,1
363.89,2,66.05,0.04,0.55,14,0.4463,6
565.93,1,104.2,0.04,0.4,25,0.3947,12
358.02,0,92.85,0.18,0.83,29,0.485,6
251.26,3,97.64,0.87,0.81,2,0.637,7
396.67,1,85.62,0.28,0.61,18,0.4857,8
291.2,2,37.74,0.95,0.37,22,0.6714,5
341,3,74.5,0.58,0.26,7,0.464,7
566.63,3,118.47,0.44,0.11,29,0.521,11
250.08,2,113.74,0.58,0.35,23,0.5543,6
577.88,1,24.32,0.52,0.41,29,0.5531,18
546.05,0,36.48,0.76,0.68,25,0.5952,12
141.6,0,33.17,0.28,0.66,6,0.3587,3
69.54,1,92.6,0.35,0.07,14,0.2977,1
87.44,3,101.78,0.89,0.4,8,0.578,2
40.39,3,41.35,0.95,0.18,27,0.6751,1
83.83,3,70.59,0.89,0.16,22,0.626,1
419.31,3,104.07,0.42,0.83,2,0.553,11
70.58,1,93.28,0.78,0.04,17,0.4047,2
211.82,3,74.22,0.48,0.42,5,0.472,4
511.58,2,79.03,0.5,0.17,14,0.4243,9
43.27,3,70.84,0.2,0.88,25,0.704,1
494.25,0,49.75,0.59,0.56,24,0.5031,12
190.66,3,76.5,0.19,0.23,30,0.507,4
97.35,1,88.89,0.33,0.5,29,0.4827,2
427.14,0,107.33,0.86,0.73,20,0.591,11
388.5,1,83.63,0.21,0.96,21,0.5967,7
530.16,1,96.11,0.07,0.22,29,0.3467,17
448.99,0,36.01,0.07,0.89,21,0.521,14
487.98,1,66.16,0.94,0.93,22,0.7337,12
190.76,1,20.93,0.51,0.92,3,0.5398,5
131.14,3,44.67,0.41,0.64,5,0.5496,3
457.85,2,92.65,0.81,0.63,16,0.6443,10
489.9,1,119.18,0.84,0.4,18,0.5347,12
594.59,1,29.92,0.33,0.75,26,0.6078,17
265.19,1,60.15,0.69,0.53,17,0.5337,7
242.05,3,100.01,0.77,0.68,11,0.668,4
472.56,2,40.4,0.65,0.43,17,0.595,11
224.26,0,75.51,0.15,0.73,16,0.409,5
560.53,3,93.31,0.88,0.82,26,0.822,12
519.3,3,81.6,0.54,0.15,23,0.553,9
274.53,2,38.8,0.28,0.83,2,0.4937,7
458,2,55.54,0.43,0.54,4,0.4288,9
460.09,3,98.38,0.04,0.84,21,0.66,9
88.78,0,75.42,0.13,0.43,7,0.225,2
544.46,3,20.52,0.77,0.38,2,0.5538,17
317.99,2,96.1,0,0.92,30,0.6093,6
501.08,0,23.53,0.42,0.25,6,0.2798,16
212.43,2,94.57,0.52,0.84,17,0.6593,4
540.45,0,40.25,0.05,0.48,7,0.2569,10
251.84,1,115.81,0.97,0.51,25,0.6137,7
36.18,2,56.79,0.23,0.31,5,0.3277,1
546.07,2,52.69,0.3,0.57,5,0.4265,18
82.03,3,34.89,0.3,0.33,20,0.6009,1
212.01,2,50.56,0.23,0.04,16,0.3671,5
571.54,2,107.67,0,0.27,19,0.4043,16
571.85,1,119.63,0.73,0.01,9,0.3057,17
356.86,2,56.83,0.97,0.98,5,0.6766,6
390.15,1,64.86,0.22,0.97,8,0.4817,12
285.61,1,92.21,0.66,0.4,9,0.4087,8
197.13,1,108.62,0.74,0.73,5,0.4837,5
217.34,1,79.3,0.85,0.35,10,0.4417,4
413.34,0,59.15,0.42,0.67,25,0.4864,9
458.85,3,61.26,0.3,0.81,2,0.523,14
481.2,0,89.56,0.33,0.95,9,0.441,12
480.08,2,20.32,0.71,0.4,11,0.5715,13
81.99,0,81.96,0.82,0.78,4,0.438,2
311.82,0,55.55,0.18,0.27,22,0.3244,7
62.81,2,99.42,0.37,0.99,22,0.7043,1
343.23,2,29.3,0.9,0.03,22,0.5735,9
281.67,2,78.82,0.81,0.6,2,0.4953,7
535.99,0,68.1,0.98,0.66,23,0.594,13
230.02,0,84.23,0.75,0.69,29,0.557,4
96.73,2,26.49,0.39,0.12,6,0.3632,2
111.51,3,78,0.59,0.94,27,0.8,2
464.06,3,76.15,0.66,0.18,14,0.526,12
382.38,1,76.07,0.08,0.62,1,0.2787,12
87.64,2,80.35,0.54,0.22,18,0.4873,2
77.94,1,87.65,0.71,0.31,7,0.3717,2
429.55,3,100.5,0.17,0.55,1,0.409,10
71.47,1,46.98,0.78,0.42,1,0.3804,1
498.46,2,102.5,0.58,0.16,1,0.3073,9
432.56,2,69.83,0.95,0.17,24,0.5743,8
76.37,2,27.71,0.04,0.42,4,0.3611,2
78.36,0,25.86,0.27,0.76,4,0.3789,2
592.38,1,53.42,0.6,0.9,29,0.6676,15
243.33,3,98.49,0.3,0.08,18,0.464,8
241.27,3,90.77,0.71,0.39,27,0.659,5
493.3,3,98.86,0.76,0.1,11,0.492,16
569.93,0,71.73,0.1,0.02,27,0.226,13
592.02,0,64.02,0.51,0.66,1,0.31,15
459.43,2,34.75,0.51,0.6,28,0.6574,9
244.47,3,52.82,0.37,0.16,10,0.434,5
77.6,0,63.4,0.93,0.23,9,0.345,2
472.97,2,28.86,0.83,0.02,23,0.5572,9
348.29,3,42.06,0.7,0.83,4,0.6589,9
271.81,1,79.82,0.71,0.97,28,0.6997,6
546.62,2,93.57,0.46,0.14,6,0.3273,11
93.38,0,119.83,0.92,0.23,30,0.453,2
310.8,0,113.31,0.69,0.87,16,0.559,5
36.47,2,84.26,0.73,0.93,2,0.5783,1
297.14,2,62.12,0.86,0.42,23,0.6313,6
62.09,0,83.62,0.27,0.05,18,0.249,1
97.73,1,98.57,0.81,0.04,10,0.3407,2
96.99,3,31.83,0.2,0.57,24,0.658,3
400.05,1,60.99,0.35,0.39,24,0.4537,8
455.25,2,103.98,0.34,0.03,17,0.3803,10
362.52,1,58.38,0.98,0.58,13,0.5694,9
578.44,0,77.19,0.86,0.01,24,0.375,13
243.68,2,78.78,0.7,0.79,18,0.6903,6
192.86,3,38.45,0.73,0.31,22,0.6749,4
525.1,0,56.22,0.56,0.04,13,0.2603,9
157.45,0,53.45,0.95,0.59,17,0.5479,3
579.04,3,22.62,0.5,0.4,5,0.5323,12
36.93,3,22.42,0.38,0.97,11,0.7396,1
582.83,1,103.17,0.16,0.54,7,0.3307,18
54.6,2,47.31,0.79,0.28,29,0.5965,1
537.95,3,71.81,0.73,0.71,10,0.659,12
330.79,3,49.87,0.38,0.27,17,0.5439,8
595.99,2,114.07,0.03,0.9,15,0.5593,17
72.06,3,45.93,0.84,0.37,18,0.6825,2
345.7,3,62.97,0.01,0.55,23,0.567,9
582.5,1,107.27,0.7,0.05,22,0.4217,15
328.17,0,104.19,0.97,0.43,19,0.513,7
388.76,0,38.61,0.44,0.83,30,0.5726,11
426.58,0,100.26,0.23,0.81,26,0.489,7
289.09,0,65.82,0.7,0.22,2,0.226,5
387.71,3,68.3,0.82,0.23,26,0.633,8
363.06,2,33.35,0.55,0.82,4,0.5738,11
543.66,2,28.06,0.97,0.93,3,0.6896,10
55.9,1,92.79,0.05,0.1,7,0.1767,1
190.15,1,69.65,0.5,0.45,24,0.5017,4
571.73,3,63.69,0.72,0.34,18,0.626,17
537.45,2,92.95,0.86,0.87,10,0.6663,11
289.72,2,96.55,0.18,0.08,7,0.2633,5
383.48,0,35.89,0.8,0.21,8,0.3432,8
188.11,3,81.02,0.55,0.75,6,0.595,4
137.23,3,33.54,0.4,0.05,22,0.5391,3
294.31,0,95.14,0.13,0.49,26,0.373,6
231.41,3,85.7,0.87,0.44,1,0.516,7
362.68,3,115.66,0.16,0.33,4,0.371,7
74.31,1,26.9,0.31,0.39,14,0.4408,2
585.41,2,25.71,0.29,0.53,17,0.5775,14
592.14,3,48.22,0.87,0.16,20,0.6416,15
427.95,1,46.17,0.67,0.57,18,0.5747,9
335.57,2,44.7,0.8,0.81,11,0.6718,10
206.43,0,110.63,0.25,0.76,29,0.478,4
493.86,1,44.95,0.62,0.15,21,0.4608,9
420.3,1,47.19,0.57,0.15,26,0.447,12
122.69,2,95.94,0.83,0.27,14,0.5203,4
549.23,0,64.97,0.91,0.36,9,0.38,16
498.85,1,97.67,0.01,0.41,27,0.3917,9
571.39,3,26.54,0.67,0.68,15,0.7438,12
443.66,3,68.76,0.05,0.06,12,0.348,10
379.65,3,23.36,0.55,0.03,10,0.4801,11
268.4,0,26.27,0.29,0.39,19,0.4212,5
561.66,1,110.64,0.31,0.7,24,0.5387,10
523.66,3,33.92,0.35,0.19,19,0.5605,10
55.77,0,73.24,0.62,0.64,6,0.376,1
45.03,3,61.11,0.33,0.26,20,0.544,1
244.58,2,54.73,0.73,0.89,24,0.7551,7
492.02,1,109.98,0.4,0.9,27,0.6167,16
592.75,1,22.18,0.07,0.3,6,0.2937,16
115.74,0,86.38,0.78,0.23,8,0.305,3
368.65,0,116.34,0.29,0.41,1,0.191,10
247.11,1,76.02,0.43,0.24,22,0.4247,6
582.85,3,113.68,0.69,0.67,17,0.709,10
510.01,3,25.23,0.33,0.83,17,0.743,11
507.85,2,61.88,0.06,0.67,24,0.5463,9
297.16,3,46.02,0.37,0.82,15,0.6933,6
266.45,0,93.08,0.94,0.4,7,0.378,8
185.84,0,118.13,0.64,0.16,19,0.366,4
62.13,3,45.65,0.67,0.74,22,0.7799,2
522.89,0,85.42,0.63,0.36,25,0.434,11
493.35,1,39.81,0.2,0.67,23,0.5413,12
599.84,1,76.53,0.42,0.27,28,0.4317,10
598.08,3,66.39,0.75,0.08,3,0.404,16
346.6,1,117.2,0.1,0.99,30,0.5837,9
468.32,1,80.85,0.28,0.16,30,0.3707,8
568.52,2,54.95,0.28,0.99,29,0.6948,18
514.3,2,31.41,0.43,0.98,22,0.761,10
170.99,1,35.12,0.98,0.79,11,0.6511,3
286.81,3,42.53,0.07,0.66,20,0.6411,5
103.62,2,45.1,0.52,0.58,30,0.6362,2
573.81,0,105.06,0.18,0.87,29,0.497,10
375.52,0,76.12,0.97,0.29,19,0.471,12
160.33,0,72.34,0.11,0.47,9,0.253,3
412.87,3,31.48,0.4,0.62,10,0.6135,8
382.33,1,106.01,0.74,0.41,2,0.3577,8
234.15,0,92.28,0.7,0.43,1,0.279,7
94.73,3,26.77,0.42,0.33,30,0.6384,2
412.8,2,90.78,0.35,0.56,16,0.5313,7
326.58,1,74.35,0.4,0.85,18,0.5817,6
470.22,2,28.17,0.26,0.2,23,0.4984,11
326.49,3,65.83,0.21,0.93,26,0.721,10
515.74,0,68.47,0.48,0.69,17,0.473,13
344.59,0,36.58,0.27,0.82,6,0.399,6
349.73,3,114.57,0.29,0.56,14,0.566,7
529.69,0,105,0.66,0.78,23,0.566,12
259.99,1,86.9,0.97,0.02,25,0.4667,8
106.39,3,66.23,0.6,0.82,15,0.716,2
46.41,2,61.18,0.08,0.04,14,0.3013,1
460.43,3,85.1,0.08,0.89,24,0.683,8
383.58,1,74.54,0.95,0.99,22,0.7537,8
431.33,1,26.23,0.3,0.29,3,0.3,11
151.39,3,71.25,0.09,0.21,24,0.481,3
107.73,3,100.64,0.6,0.77,23,0.751,3
38.29,0,65.92,0.62,0.25,19,0.389,1
229.83,1,25.2,0.65,0.87,25,0.7157,6
366.25,3,98.63,0.27,0.1,12,0.404,8
253.58,3,40.14,0.02,0.13,2,0.2961,6
279.36,1,45.86,0.97,0.98,3,0.6082,6
545.37,3,36.47,0.25,0.67,18,0.6702,11
228.51,0,53.02,0.68,0.85,29,0.6026,4
322.97,1,95.68,0.71,0.32,1,0.3147,8
476.68,0,71.94,0.61,0.68,20,0.526,12
256.03,0,40.49,0.31,0.59,21,0.4715,8
384.59,0,107.78,0.27,0.6,29,0.434,8
521.55,0,107.96,0.6,0.68,6,0.384,17
571.23,1,107.06,0.87,0.58,5,0.4647,12
113.83,0,43.88,0.95,0.43,1,0.3559,2
558.15,0,65.12,0.11,0.28,19,0.296,10
310.51,3,118.5,0.15,0.77,1,0.471,7
177.2,1,97.2,0.94,0.23,27,0.5237,4
291.71,1,22.72,0.74,0.69,21,0.6838,9
588.62,2,26.52,0.88,0.23,21,0.6341,12
310.79,1,66.39,0.2,0.63,16,0.4557,6
217.39,1,110.92,0.59,0.75,12,0.5297,6
391.04,2,73.87,0.7,0.22,27,0.5393,9
166.88,1,69.78,0.68,0.06,29,0.4207,3
73.24,1,30.55,0.41,0.13,22,0.4368,1
103.46,1,85.68,0.02,0.61,8,0.3337,3
102.99,1,102.21,0.58,0.85,26,0.6377,2
116.58,2,58.04,0.25,0.04,16,0.3586,3
109.13,1,97.56,0.45,0.73,28,0.5757,3
395.3,1,116.45,0.96,0.34,1,0.3707,7
133.67,2,40.38,0.4,0.48,4,0.43,2
227.03,3,72.33,0.84,0.93,10,0.747,4
541.17,0,48.71,0.19,0.33,11,0.2658,17
300.16,3,99.29,0.67,0.47,17,0.645,5
410.51,2,77.76,0.98,0.01,25,0.5323,10
128.22,0,83.46,0.1,0.08,27,0.244,3
139.6,2,99.79,0.01,0.26,23,0.4133,3
53.3,2,59.6,0.43,0.03,7,0.299,2
126.29,1,111.51,0.09,0.63,12,0.3937,2
188.8,0,73.3,0.75,0.43,21,0.479,4
130.9,1,35.8,0.91,0.55,7,0.524,4
80.56,0,89.59,0.43,0.17,12,0.257,2
98.76,2,99.33,0.26,0.3,15,0.4253,3
292.64,2,51.68,0.43,0.66,2,0.4512,9
147.61,3,105.72,0.72,0.97,14,0.775,3
237.63,0,110.61,0.01,0.05,13,0.147,4
316.95,1,47.69,0.59,0.89,4,0.5122,10
423.53,3,118.35,0.61,0.58,14,0.636,13
52.41,3,34.07,0.64,0.56,14,0.6792,1
485.66,3,40.2,0.24,0.5,16,0.591,9
387.9,1,38.42,0.71,0.07,7,0.3356,10
76.6,3,109.4,0.09,0.09,19,0.435,2
527.94,1,85.43,0.2,0.6,2,0.3067,11
554.9,3,35.21,0.88,0.34,10,0.6193,15
64.81,1,64.03,0.74,0.92,18,0.6707,2
187.82,2,81.53,0.01,0.41,29,0.4583,4
489.53,2,28.35,0.25,0.14,17,0.4481,10
456.51,2,108.24,0.21,0.71,5,0.4383,10
135.18,2,100.36,0.27,0.29,12,0.3943,3
149.33,2,70.52,0.25,0.53,6,0.4023,3
241.17,3,116.71,0.06,0.7,22,0.622,7
306.18,3,61.78,0.46,0.9,9,0.652,8
382.41,3,118.41,0.73,0.79,20,0.783,11
240.28,1,86.79,0.61,0.68,1,0.4027,7
293.64,1,83.47,0.67,0.68,22,0.6047,6
456.06,1,36.6,0.08,0.95,15,0.5567,8
50.91,1,108.19,0.95,0.3,21,0.5467,1
173.89,2,62.75,0.84,0,26,0.5013,4
436.61,2,36.22,0.81,0.27,6,0.476,12
540.27,2,21.26,0.82,0.22,19,0.6179,16
321.66,0,75.98,0.93,0.66,18,0.564,6
333.3,3,72.74,0.54,0.63,6,0.557,7
91.09,1,91.94,0.2,0.59,13,0.4137,2
285.03,1,109.03,0.62,0.02,1,0.2067,5
333.59,2,27.94,0.74,0.73,23,0.7538,7
168.21,1,93.15,0.74,0.32,23,0.5107,3
183.47,1,38.74,0.52,0.67,26,0.6071,6
245.05,3,105.82,0.07,0.56,13,0.512,5
41.44,2,101.91,0.37,0.34,7,0.3793,1
213.59,3,74.08,0.92,0.13,15,0.573,6
150.53,0,91.02,0.58,0.09,12,0.263,3
216.67,0,51.44,0.54,0.83,27,0.5713,5
98.26,0,67.12,0.27,0.92,26,0.53,2
537.6,2,102.16,0.37,0.65,1,0.4123,17
368.35,1,65.93,0.9,0.1,15,0.4267,8
417.09,2,55.78,0.67,0.4,4,0.4344,12
479.83,2,69.42,0.79,0.73,13,0.6403,9
314.11,1,102.82,0.45,0.78,23,0.5907,9
79.54,3,53.52,0.63,0.12,27,0.5728,2
336.15,0,37.38,0.25,0,25,0.2877,7
364.5,3,91.2,0.71,0.71,5,0.605,6
454.9,0,102.6,0.43,0.36,29,0.394,13
276.05,2,30.06,0.44,0.25,2,0.3662,8
102.72,0,43.99,0.65,0.01,23,0.3597,2
191.75,2,34.2,0.94,0.54,26,0.7263,4
236.96,3,54.79,0.06,0.85,1,0.4857,4
398.17,2,65.04,0.82,0.96,16,0.7453,12
355.34,3,94.88,0.29,0.57,23,0.629,7
232.98,1,85.11,0.44,0.51,6,0.3677,6
592.31,1,82.09,0.02,0.09,23,0.2977,17
375.29,1,55.24,0.3,0.55,16,0.4596,7
165.22,2,104.14,0.5,0.38,14,0.4873,3
88.02,1,67.13,0.06,0.61,29,0.4617,2
117.13,0,117.91,0.49,0.39,26,0.415,3
170.2,3,83.41,0.93,0.24,3,0.488,4
121.59,3,32.63,0.11,0.09,15,0.4446,3
136.34,0,87.62,0.76,0.31,3,0.275,2
192.5,2,52.51,0.41,0.1,23,0.4578,5
128.82,2,88.63,0.66,0.18,29,0.5193,3
541.16,3,26.96,0.26,0.99,2,0.6241,13
75.73,1,37.49,0.16,0.44,1,0.2782,2
328.97,2,105.57,0.16,0.53,9,0.4143,9
263.93,2,42.72,0.07,0.87,9,0.5271,5
589.96,0,103.7,0.19,1,23,0.538,16
93.86,0,47.93,0.66,0.58,7,0.3961,2
256.78,1,84.29,0.88,0.81,3,0.5157,8
582.6,2,89.42,0.81,0.33,26,0.5943,12
523.34,2,71.27,0.69,0.31,18,0.5443,9
495.73,0,50.53,0.11,0.4,11,0.2678,14
177,2,41.26,0.29,0.67,7,0.4936,3
127.41,3,23.32,0.31,0.68,9,0.6171,3
411.13,0,50.39,0.25,0.32,1,0.172,7
559.74,1,85.32,0.52,0.13,29,0.4097,11
347.35,0,113.83,0.54,0.63,14,0.437,9
355.82,2,107.12,0.36,0.13,20,0.4443,10
189.59,1,96.61,0.35,0.58,6,0.3707,5
468.61,0,98.84,0.83,0.69,7,0.443,14
136.61,3,86.5,0.79,0.7,10,0.668,4
214.5,3,46.03,0.31,0.75,7,0.5803,6
272.5,0,110.72,0.91,0.87,26,0.643,6
319.34,3,87.07,0.95,0.5,2,0.56,6
168.17,3,76.04,0.33,0.73,30,0.685,5
95.46,3,31.1,0.35,0.62,4,0.5442,3
378.05,1,64.71,0.51,0.19,21,0.4257,8
194.52,3,66.04,0.94,0.03,30,0.597,5
361.31,3,106.46,0.88,0.28,28,0.66,11
117.99,3,74.66,0.1,0.44,17,0.522,3
304.25,1,58.04,0.39,0.62,1,0.3439,5
333.58,0,117.68,0.55,0.85,10,0.465,6
59.54,2,31.07,0.5,0.2,19,0.5316,1
221.86,3,62.25,0.19,0.13,15,0.427,4
106.62,0,24.2,0.86,0.96,10,0.6197,2
66.12,3,93.99,0.68,0.11,19,0.559,1
594.28,1,111.81,0.84,0.48,12,0.4987,12
213.74,0,48,0.86,0.59,24,0.569,4
491.63,1,105.83,0.75,0.54,16,0.5387,13
175.15,3,49.22,0.44,0.09,9,0.423,6
418.46,3,111.08,0.61,0.06,15,0.49,10
463.33,1,95.4,0.16,0.11,30,0.3317,8
369.51,2,100.49,0.67,0.59,27,0.6443,8
298.8,1,21.8,0.18,0.54,28,0.5283,5
264.75,3,116.28,0.69,0.23,17,0.577,4
228.85,1,92.67,0.23,0.64,14,0.4447,7
559.83,2,50.48,0.12,0.82,27,0.6192,11
503.45,1,102.94,0.17,0.04,18,0.2927,10
580.07,2,48.15,0,0.5,26,0.5031,10
100.85,2,107.28,0.72,0.69,2,0.5043,2
446.59,1,31.26,0.73,0.25,4,0.3756,9
564.85,1,90.37,0.51,0.31,18,0.4417,15
133.3,0,74.07,0.16,0.61,7,0.285,2
67.9,3,29.65,0.08,0.9,13,0.6666,2
452.44,2,44.19,0.02,0.81,15,0.5567,8
357.45,0,21.24,0.17,0.58,25,0.4726,6
509.84,1,66.88,0.89,0.73,23,0.6637,12
109.67,3,50.13,0.24,0.36,28,0.5725,2
483.3,0,79.84,0.35,0.64,22,0.462,11
144.93,2,49.72,0.11,0.47,26,0.5135,3
123.28,0,49.99,0.22,0.19,1,0.1277,3
123.63,2,94.32,0.52,0.7,11,0.5573,2
494.31,1,24.81,0.61,0.56,10,0.5153,9
409.16,3,110.29,0.25,0.36,25,0.558,7
328.15,3,105.23,0.06,0.91,5,0.535,9
234.53,3,86.78,0.39,0.02,16,0.444,4
530,1,79.32,0.23,0.32,11,0.3187,10
253.69,2,109.23,0.22,0.06,21,0.3953,7
495.46,1,38.53,0.96,0.77,6,0.5854,15
280.31,3,27.9,0.62,0.7,9,0.6775,7
244.86,1,43.95,0.56,0.33,13,0.4344,4
293.73,1,99.46,0.42,0.68,24,0.5547,6
201.79,1,23.47,0.43,0.4,8,0.4136,4
456.14,2,78.28,0.54,0.76,14,0.6093,12
316.55,0,119.54,0.7,0.45,24,0.475,6
162.36,0,105.57,0.7,0.41,1,0.273,5
542.76,1,72.14,0.17,0.93,17,0.5497,13
248.82,0,26.36,0.5,0.25,24,0.4311,5
339.83,0,103.14,0.41,0.12,5,0.168,10
546.69,1,79.9,0.87,0.58,25,0.6147,10
385.82,1,31.49,0.63,0.97,2,0.5512,10
96.63,3,29.39,0.53,0.38,25,0.671,2
565.7,0,110.96,0.12,0.06,28,0.242,13
387.79,2,86.92,0.61,0.34,30,0.5573,8
220.9,1,102.93,0.12,0.51,24,0.4437,7
109.39,3,107.9,0.34,0.16,9,0.406,4
482.59,2,77.18,0.14,0.66,4,0.3993,8
383.44,0,71.74,0.69,1,17,0.608,10
334.07,3,63.04,0.21,0.45,17,0.547,6
539.52,1,51.69,0.39,0.35,21,0.4635,9
479.5,2,63.46,0.9,0.4,18,0.6133,13
116.45,1,97.39,0.2,0.12,16,0.3027,3
207.68,0,80.19,0.51,0.88,30,0.566,4
171.64,2,109.25,0.42,0.41,8,0.4203,3
454.05,0,64.34,0.02,0.39,26,0.321,8
49.11,0,80.71,0.79,0.66,11,0.466,1
354.84,3,83.13,0.07,0.44,21,0.546,7
464.6,1,79.17,0.47,0.65,21,0.5557,14
529.76,2,90.26,0.56,0.06,18,0.4433,9
224.99,0,43.74,0.63,0.81,23,0.5961,4
498.12,0,71.24,0.69,0.94,29,0.62,14
93.06,2,30.42,0.25,0.65,24,0.6276,2
512.48,0,58.45,0.01,0.95,10,0.3896,16
102.67,3,68.77,0.72,0.15,13,0.519,3
256.45,3,85.22,0.54,0.48,17,0.622,5
484.46,3,115.05,0.84,0.6,18,0.728,12
115.45,3,80.07,0.82,0.58,10,0.638,4
160.67,0,94.36,0.84,0.4,16,0.448,4
441.68,2,70.63,0.49,0.34,20,0.5333,7
440.42,2,83.41,0.33,0.13,5,0.2883,9
395.45,2,27.09,0.79,0.39,13,0.5932,9
425.55,2,45.44,0.45,0.16,18,0.4756,12
339.35,1,56.19,0.18,0.73,17,0.498,6
173.53,2,67.25,0.85,0.21,9,0.4563,3
227.05,1,24.56,0.88,0.06,14,0.4597,6
133.51,1,34,0.47,0.55,17,0.539,4
547.82,3,47.68,0.08,0.6,29,0.6165,17
362.53,1,117.15,0.39,0.87,4,0.4457,11
258.49,0,53.13,0.8,0.58,18,0.5255,5
293.34,1,68.2,0.9,0.35,27,0.5517,5
569.95,3,39.61,0.2,0.8,20,0.714,13
117.41,1,81.08,0.07,0.54,24,0.4427,2
364.15,0,48.07,0.88,0.08,24,0.4199,8
318.36,0,40.7,0.39,0.57,15,0.4312,6
378.53,0,71.66,0.54,0.91,11,0.491,7
40.32,3,20.55,0.97,0.4,12,0.6998,1
527.11,3,20.77,0.07,0.3,9,0.4594,13
561.31,2,41.91,0.65,0.14,13,0.4655,11
352.13,3,23.67,0.07,0.15,15,0.4696,11
427.09,0,30.8,0.38,0.43,27,0.4537,10
555.82,0,53.89,0.8,0.6,15,0.5002,12
433.13,3,100.26,0.43,0.08,28,0.51,7
116.95,1,77.2,1,0.94,5,0.5987,3
358.48,3,71.27,0.56,0.76,23,0.74,7
375.83,3,49.35,0.32,0.59,19,0.6487,9
271.75,0,113.18,0.22,0.83,26,0.493,5
449.77,2,59.7,0.35,0.08,20,0.4278,9
562.59,0,28.71,0.37,0.48,26,0.4702,10
557.57,2,81.71,0.07,0.63,25,0.5363,13
286.98,0,31.38,0.37,0.83,26,0.5707,6
94.55,3,54.52,0.46,0.78,26,0.7351,2
591.36,0,70.74,0.72,0.28,14,0.368,14
508.17,0,107.42,0.66,0.94,28,0.614,15
101.06,0,69.35,0.71,0.12,17,0.348,3
554.88,3,90.23,0.01,0.88,18,0.646,18
525.84,3,119.28,0.22,0.97,21,0.735,9
325.74,3,33.15,0.66,0.18,3,0.4608,9
367.03,3,47.47,0.48,0.72,2,0.5529,10
257.43,2,59.46,0.01,0.04,1,0.1582,5
61.21,2,62.18,0.8,0.41,10,0.5163,2
221.06,1,61.1,0.77,0.52,19,0.5667,5
487.63,3,110.76,0.55,0.58,17,0.654,14
32.64,2,91.4,0.07,0.94,12,0.5493,1
220.09,0,80.79,0.77,0.67,1,0.365,4
256.96,3,50.94,0.58,0.48,12,0.5951,5
336.32,1,102.38,0.78,0.81,17,0.6357,8
554.32,1,115.51,0.75,0.95,24,0.7017,10
227.42,1,102.12,0.8,0.02,3,0.2627,7
227.76,0,20.16,0.52,0.98,11,0.5744,8
450.38,2,83.64,0.14,0.09,17,0.3583,15
287.76,0,25.11,0.67,0.81,23,0.6352,6
158.02,3,45.76,0.62,0.28,26,0.6317,4
287.89,1,25.95,0.74,0.13,3,0.3404,6
110.29,0,80.38,0.17,0.44,8,0.246,4
130.54,0,88.66,0.19,0.64,20,0.43,3
314.07,2,31.45,0.89,0.38,4,0.5129,6
268.79,2,58.38,0.75,0.05,21,0.501,6
551.46,1,65.62,0.91,0.6,22,0.6287,11
236.56,0,56.91,0.76,0.9,7,0.4972,6
360.94,0,32.1,0.6,0.38,14,0.4205,7
390.39,2,61.89,0.65,0.22,14,0.4693,8
37.46,0,95.12,0.89,0.44,4,0.35,1
408.22,0,27.1,0.58,0.05,16,0.3458,11
131.48,0,28.02,0.63,0.82,24,0.6253,3
577.81,2,55.48,0.16,0.83,29,0.6219,11
114.74,1,114.17,0.47,0.59,22,0.5377,3
266.34,3,86.86,0.72,0.35,30,0.649,7
78.65,1,87.87,0.27,0.8,1,0.3707,1
598.22,3,56.19,0.2,0.55,17,0.5814,12
316.25,0,79.37,0.31,0.83,25,0.511,7
369.37,1,21.01,0.24,0.63,10,0.4686,8
68.23,3,83.61,0.21,0.78,22,0.676,2
457.48,2,111.33,0.42,0.6,16,0.5573,9
149.65,2,81.26,0.91,0.41,16,0.5983,4
541.89,1,107.37,0.51,0.96,26,0.6567,9
146.93,1,92.4,0.19,0.54,8,0.3467,3
138.69,0,32.06,0.08,0.61,29,0.4456,3
50.83,1,110.25,0.7,0.22,7,0.3427,1
299.08,0,26.64,0.38,0.63,28,0.5206,5
351.96,0,73.4,0.82,0.57,6,0.395,7
67.45,2,34.21,0.66,0.18,16,0.5223,2
472.05,2,21.17,0.8,0.06,20,0.576,9
288.37,3,62.2,0.27,0.6,16,0.594,6
328.9,2,49.5,0.69,0.76,7,0.5868,7
281.23,2,68.6,0.26,0.52,9,0.4313,8
258.43,1,77.72,0.94,0.23,14,0.4637,6
348.99,2,24.37,0.64,0.67,11,0.6317,9
118.49,3,32.3,0.32,0.08,26,0.5342,2
133.7,1,75.86,0.27,0.44,26,0.4527,3
521.22,3,54.32,0.19,0.16,14,0.4355,9
569.29,2,92.92,0.69,0.18,7,0.3953,12
242.79,3,85.23,0.22,0.2,1,0.314,5
184.32,1,104.56,0.6,0.39,26,0.5037,4
397.08,0,89.25,0.26,0.05,25,0.267,12
262.98,3,62.99,0.66,0.4,13,0.582,6
44.47,3,87.3,0.81,0.51,20,0.715,1
119.01,1,47.54,0.78,0.48,3,0.4174,2
438.1,1,50.63,0.76,0.38,20,0.5483,10
405.59,3,98.9,0.19,0.84,4,0.53,8
45.44,2,64.64,0.09,0.15,29,0.3963,1
156.52,3,99.84,0.7,0.51,26,0.693,4
161.71,1,102.24,0.37,0.06,11,0.2687,4
412.98,0,105.76,0.43,0.07,2,0.127,7
41.24,0,111.66,0.03,0.57,14,0.317,1
89.34,2,63.1,0.26,0.57,12,0.4763,2
485.95,3,51.89,0.03,0.88,30,0.6835,11
131.77,0,78.22,0.88,0.56,17,0.514,4
402.07,3,57.12,0.24,0.96,12,0.6608,7
165.76,1,80.11,0.56,0.05,26,0.3937,3
86.68,0,90.56,0.04,0.1,12,0.158,2
168.61,2,88.84,0.67,0.04,1,0.2893,4
441.69,1,57.46,0.32,0.19,13,0.3219,13
517.75,2,36.69,0.9,0.54,14,0.6542,9
503.23,1,63.05,0.89,0.65,24,0.6397,14
256.39,0,34.26,0.33,0.05,30,0.3239,5
410.81,2,109.01,0.9,0.95,2,0.6183,11
146.84,2,54.59,1,0.84,12,0.7143,3
197.09,1,35.45,0.83,0.3,26,0.5636,4
540.91,2,22.54,0.84,0.08,21,0.5878,11
37.41,1,84.58,0.25,0.17,28,0.3677,1
78.74,1,83.69,0.58,0.13,16,0.3817,1
148.5,1,54.06,0.07,0.12,4,0.1666,5
45.12,1,27.17,0.09,0.52,8,0.3754,1
133.42,0,60.96,1,0.25,2,0.295,4
362.33,1,51.12,0.33,0.36,10,0.3555,6
270.21,3,87.71,0.75,0.99,9,0.737,6
538.82,2,80.58,0.81,0.68,23,0.6993,10
495.94,3,56.46,0.86,0.95,15,0.8129,10
224.84,0,41.79,1,0.14,13,0.4024,6
177.87,3,118.8,0.24,0.38,23,0.562,5
246.42,2,65.4,0.04,0.55,17,0.4763,6
366.47,3,88.83,0.41,0.08,30,0.506,9
182.8,0,34.06,0.13,0,16,0.2292,5
385.76,1,68.56,0.02,0.67,28,0.4717,13
263.36,3,22.75,0.36,0.64,2,0.5461,5
344.67,0,70.55,0.78,0.41,20,0.479,6
278.59,0,116.4,0.57,0.49,20,0.461,7
197.85,2,58.42,0.31,0.42,27,0.524,5
570.62,2,23.9,0.65,0.02,14,0.4695,19
465.26,3,23.1,0.23,0.34,3,0.4395,9
109.86,1,58.8,0.01,0.18,23,0.3247,2
525.03,0,36,0.76,0.1,12,0.342,15
307.84,3,22.34,0.62,0.96,8,0.7548,9
539.89,0,95.62,0.76,0.6,2,0.352,10
485.92,0,65.85,0.04,0.73,4,0.267,10
272.37,1,48.92,0.84,0.32,14,0.4891,9
42.81,1,110.01,0.62,0.39,16,0.4677,1
183.15,3,31.61,0.56,0.24,19,0.6213,5
338.73,1,115.59,0.62,0.1,2,0.2407,8
391.08,1,51.4,0.86,0.18,12,0.427,7
177,3,108.84,0.59,0.8,29,0.758,3
109.43,1,80.29,0.58,0.68,14,0.5267,3
505.91,2,102.67,0.99,0.55,6,0.5563,9
591.11,0,118.4,0.76,0.48,13,0.426,14
329.64,0,48.84,0.44,0.92,4,0.4226,6
127.86,0,116.11,0.71,0.07,22,0.363,3
185.22,0,58.95,0.39,0.28,18,0.3438,3
40.48,3,58.55,0.23,0.35,12,0.4734,1
551.15,0,54.04,0.6,0.78,20,0.5639,17
97.12,0,74.14,0.93,0.99,27,0.683,2
358.61,0,35.41,0.93,0.24,22,0.499,7
186.21,0,75.37,0.34,0.87,30,0.529,3
345.88,2,74.17,0.53,0.83,21,0.6883,10
401.31,0,96.19,0.21,0.22,19,0.298,7
502.95,2,103.36,1,0.4,8,0.5333,9
147.66,3,64.04,0.98,0.41,7,0.589,4
36.27,1,50.23,0.65,0.98,16,0.667,1
108.02,0,45.93,0.8,0.18,19,0.4275,3
543.01,1,39.46,0.72,0.8,6,0.5449,16
528.12,1,25.76,0.59,0.33,20,0.5407,11
370.53,3,54.24,0.05,0.73,27,0.6386,8
372.29,1,47.02,0.45,0.42,21,0.5043,8
409.07,2,116.64,0.67,0.58,11,0.5513,13
129.96,1,75.77,0.68,0.83,5,0.5017,2
551.21,1,54.73,0.37,0.8,16,0.5494,18
268.7,1,78.05,0.94,0.87,7,0.5857,8
248.39,0,33.92,0.17,0.06,27,0.2955,8
325.78,0,64.4,0.5,0.69,5,0.357,7
56.77,2,82.62,0.69,0.14,11,0.4233,1
124.78,2,68.89,0.7,0.42,15,0.5493,2
450.68,0,60.18,0.65,0.55,3,0.325,8
77.2,2,119.38,0.28,0.4,26,0.5093,3
373.8,0,108.03,0.16,0.52,5,0.238,8
169.85,3,82.34,0.64,1,23,0.828,4
251.9,1,76.94,0.6,0.14,21,0.4287,6
194.56,1,82.07,0.18,0.68,5,0.3567,6
232.73,2,40.13,0.71,0.4,9,0.5184,5
439.86,0,59.51,0.46,0.13,15,0.2818,10
199.36,0,23.95,0.67,0.16,3,0.2721,4
352.85,2,67.55,0.84,0.95,29,0.7863,8
301.35,0,74.3,0.17,0.88,6,0.358,9
408.29,3,42.77,0.02,0.91,17,0.6757,8
563.99,1,116.4,0.78,0.99,26,0.7197,16
447.57,2,110.95,0.61,0.21,21,0.5183,8
152.52,2,92.21,0.7,0.36,8,0.4613,3
47.77,0,73.34,0.84,0.67,21,0.569,1
179.49,2,107,0.8,0.48,25,0.6373,3
369.19,3,33.07,0.96,0.42,11,0.6729,8
59.31,0,99.05,0.54,0.36,6,0.276,2
312.93,0,32.48,0.49,0.59,8,0.4009,6
370.2,0,99.42,0.4,0.58,10,0.354,10
220.52,0,47.58,0.15,0.16,24,0.2987,4
469.42,3,107.71,0.57,0.47,29,0.655,9
90.76,0,114.4,0.28,0.55,3,0.251,2
72.83,2,34.88,0.92,0.57,23,0.7302,2
445.07,3,66.27,0.58,0.21,14,0.519,10
312.43,1,118.1,0.59,0.74,23,0.6067,6
422.39,1,68.34,0.35,0.03,14,0.2857,12
277.85,2,106.35,0.05,0.35,10,0.3483,6
170.45,2,78.87,0.03,0.78,12,0.4933,4
496.89,3,57.53,0.42,0.56,6,0.5161,15
485.67,1,48.58,0.08,0.26,12,0.2997,11
425.98,1,40.32,0.61,0.69,23,0.6285,8
185.12,1,96.18,0.88,0.57,14,0.5537,3
366.43,1,58.65,0.88,0.8,2,0.5049,11
235.76,1,71.13,0.66,0.74,9,0.5107,7
82.2,0,69.23,0.21,0.61,10,0.325,2
552.87,2,77.73,0.86,0.49,26,0.6523,10
107.99,0,106.56,0.89,0.13,17,0.387,3
571.64,1,118.07,0.2,0.26,17,0.3547,11
284.22,3,60.76,0.74,0.42,3,0.504,9
